{"cameraMode":{"drawMode":0,"name":"Shaded","section":"Shading Mode"},"sceneLighting":false,"audioPlay":false,"sceneViewState":{"showFog":true,"showMaterialUpdate":false,"showSkybox":false,"showFlares":true,"showImageEffects":true,"showParticleSystems":true,"showVisualEffectGraphs":true,"m_FxEnabled":true},"in2DMode":false,"pivot":{"x":0.0000019073486328125,"y":0.030000001192092897,"z":15.000001907348633},"rotation":{"x":-0.12890976667404176,"y":0.027361953631043435,"z":-0.0035455841571092607,"w":-0.9913468956947327},"size":16.770591735839845,"orthographic":false}