{"cameraMode":{"drawMode":0,"name":"Shaded","section":"Shading Mode"},"sceneLighting":true,"audioPlay":false,"sceneViewState":{"showFog":true,"showMaterialUpdate":false,"showSkybox":true,"showFlares":true,"showImageEffects":true,"showParticleSystems":true,"showVisualEffectGraphs":true,"m_FxEnabled":true},"in2DMode":false,"pivot":{"x":500.9876403808594,"y":1014.4083251953125,"z":-9.491549491882325},"rotation":{"x":-0.07075542956590653,"y":-0.0009055398986674845,"z":0.000064998930611182,"w":-0.9975711703300476},"size":1039.876708984375,"orthographic":false}